{"0.6108534038777147":{"user_id":4},"0.07256616196625654":{"user_id":4}}